"Item","Description","Unit Price (TL)","Unit Price (USD)"
"1","1x40 12mm 180 Degree Male Pin Header","7.80","0.17"
"2","Seeeduino XIAO - Arduino Compatible Microcontroller","489.36","10.36"
"3","Rotary Encoder - EC11-1B-18T","111.27","2.36"
"4","Spelt Cherry MX Blue Mechanical Keyboard Switch (10 pcs)","526.00","11.14"
"5","128x32 OLED LCD Display 0.91 inch - White","136.21","2.88"
"6","Subtotal","1270.64","26.91"
" ","Shipping","250.00","5.29"
" ","Total","1520.64","32.20"
"","","",""
"Exchange rate used: 1 USD = 47.22 TRY","","",""